epoch,time,train/box_loss,train/cls_loss,train/dfl_loss,metrics/precision(B),metrics/recall(B),metrics/mAP50(B),metrics/mAP50-95(B),val/box_loss,val/cls_loss,val/dfl_loss,lr/pg0,lr/pg1,lr/pg2
1,129.869,1.62139,7.49048,0.01179,0.0017,0.3018,0.00414,0.00224,0.85314,7.85434,0.00932,5.383e-05,5.383e-05,5.383e-05
2,237.917,1.46805,7.104,0.00949,0.00233,0.31552,0.01221,0.00633,0.87977,7.80126,0.00913,0.000111543,0.000111543,0.000111543
3,388.375,1.29809,6.65125,0.0088,0.00266,0.32906,0.01695,0.01046,0.91891,7.73824,0.00929,0.000165197,0.000165197,0.000165197
4,496.783,1.30591,6.48533,0.0085,0.00237,0.44231,0.03084,0.01834,0.99948,7.66495,0.01012,0.000214789,0.000214789,0.000214789
5,587.067,1.4076,6.40954,0.01043,0.00204,0.54942,0.03864,0.02616,1.09607,7.23866,0.01095,0.000260322,0.000260322,0.000260322
6,706.714,1.50675,5.64276,0.01028,0.00239,0.5656,0.0499,0.03252,1.18591,6.7992,0.01122,0.000301794,0.000301794,0.000301794
7,812.89,1.41809,5.78245,0.01003,0.44882,0.10566,0.04736,0.03172,1.18088,6.69185,0.01199,0.000339206,0.000339206,0.000339206
